20000,40000,60000,80000,100000,120000,140000,160000,180000,200000,220000,240000,260000,280000,300000,320000,340000,360000,380000,400000
27.42751884,26.31513023,19.04902649,24.79858017,23.80805779,22.30539322,24.69583893,23.6493721,24.42596436,24.0687294,23.34530258,24.30574417,25.89749718,24.20666504,24.87741089,25.53595734,26.30319977,25.08906174,27.58557129,28.02975655
25.87001228,28.52860069,22.11359406,28.22202682,26.78112221,27.62158966,28.60440826,28.21567917,28.24230576,29.54000092,28.46003342,29.90694427,31.65066147,29.99174118,30.15304565,31.83959198,32.55636597,31.1830864,34.27021027,33.80821609
26.18800163,28.52694511,17.70708084,24.21533966,19.49010086,19.60177803,19.38467026,20.03668213,19.16461945,19.36262512,19.50498009,19.0807476,22.01794052,19.28025627,19.59315109,21.0057106,22.79693985,20.85051346,23.79680061,23.92680931
25.22770309,32.15817261,23.43790054,28.42514038,23.41753197,23.41447449,24.60725021,25.45797539,26.13937759,25.78725433,25.34296417,27.46990013,29.08906555,26.83971405,28.21562004,28.34701157,30.45999146,28.527668,29.67047119,29.82645416
21.8960228,19.53238487,18.48387146,19.30381966,19.23127747,19.20096588,19.15219498,20.58545303,19.48934746,19.99818039,20.36095047,20.06236649,22.61026764,20.45653343,20.19197655,19.80605888,22.21718597,20.20942307,19.89173508,19.99552155
19.51369095,19.47916794,19.4449234,20.12134743,20.91918945,20.1856842,20.99893188,21.10000992,20.40585136,21.35009575,20.7757988,21.44836807,22.19940948,21.58493423,21.46810913,21.69284821,22.16040039,21.5519371,21.20254135,21.79109573
23.32219124,29.63214302,24.1872139,24.12608719,24.04998779,25.07811737,25.04216766,25.8837204,24.96780396,25.89217377,24.9909668,25.59197235,26.91558838,25.29170227,25.74168205,26.08669281,28.04506493,25.26975632,25.54704285,25.61925888
21.73599625,24.46538353,23.19310379,20.80826569,22.98420143,22.30220985,22.10040855,22.54888725,22.28967094,22.34483147,21.90633392,21.53551102,22.12532806,21.746418,21.74325562,21.25093842,22.35914612,21.78528404,21.44487762,21.10965729
30.95998573,31.18867683,21.19379616,26.25634384,25.69783783,24.36564255,25.87296486,25.51713371,25.28465652,25.74507141,25.69068909,26.44660568,25.88593292,26.24692535,25.04520416,26.91684341,25.95441437,26.32608032,26.32493019,26.11306763
30.53814697,39.9356308,23.67508698,32.87892151,22.30188179,23.87506866,24.346735,24.63595581,25.88760948,25.93876648,25.95522308,27.67814636,29.98783875,27.38562775,29.20219803,30.06318283,31.52367401,30.13645554,30.52521324,29.81265068
30.3475399,31.10962677,24.78401184,29.69766045,29.19014931,27.81371689,29.90438652,28.95053864,28.57427979,28.9491024,28.49356461,29.36115837,29.73549652,29.63056183,29.1216507,29.59128189,30.1879406,28.86550522,28.83495522,29.36042213
29.95499802,38.42736053,27.59106064,33.63178635,25.09245682,24.15341759,25.29244232,25.8015976,25.60782433,25.62374115,25.7830143,26.82030678,28.48056412,27.02839661,28.21902847,28.74290085,29.3101902,27.89579773,28.05458832,27.42130661
35.19639206,37.96422195,38.94244766,45.72278976,45.97627258,48.49718094,47.11728668,49.57808685,47.20314026,47.36835098,47.87414169,48.8878479,50.54320526,48.37429047,49.16583252,47.89607239,51.18054199,48.85781479,51.29650116,50.60675049
35.45406723,42.11251068,38.06321716,36.56894302,40.47294617,39.48317337,38.42032242,40.04284668,39.66654587,39.61309814,39.22070694,39.30489349,40.54123688,39.15670395,39.84764481,37.66949081,41.98993683,39.60391998,38.34932709,39.37666321
37.02989578,36.15435028,40.07772827,43.39856339,49.81327057,50.54705811,49.89096832,51.59654236,49.47475815,49.28149796,49.76015472,49.75665665,50.62068558,48.87730789,48.29412842,47.87424469,52.56557465,49.52434921,52.27855682,52.0326767
34.83705521,39.92985535,39.55894852,38.73035431,45.93054962,44.78147888,44.05595398,45.41621399,44.95273972,44.04193497,43.26688385,42.48544693,42.22299957,41.646595,41.8985939,39.92139053,45.35463715,41.23112488,41.03144073,42.28175735
34.8414917,42.44673157,25.78863144,30.82147026,29.91871262,30.43520355,30.02741814,29.92049026,29.00009155,28.88999939,29.25219345,29.12598801,31.82814789,29.21692657,29.55523682,29.72063065,31.62619019,29.73874283,32.11481857,31.49925995
34.48788834,43.87837219,29.38099289,32.22561646,27.82185936,26.56395721,26.59980583,28.06888199,27.84830475,27.39091492,27.01947403,27.87957191,29.77492905,27.63248825,28.39130783,28.55173492,30.894104,28.83454895,29.97241783,30.3862896
35.19167709,41.8682785,29.2630043,34.87115479,33.20910263,34.33925247,34.90367889,34.72821426,33.998806,33.18886566,32.76224899,33.8252449,34.71472549,33.05622482,33.62685776,34.402668,33.8396492,33.5359726,34.61012268,34.7778244
34.7428894,40.76055145,28.07683563,33.04451752,29.88330078,30.86072159,31.61577988,31.84862518,32.3091507,32.59742737,32.56577682,33.26502609,35.02306366,33.27418137,32.9632225,34.17160034,34.89088821,35.07320023,35.40890503,34.77374268
27.4166584,35.82676697,36.05811691,28.8971386,35.00672913,34.12787628,33.81539917,35.30642319,33.22138977,33.45814133,33.72637939,33.20382309,35.30428696,33.68503952,33.15472412,31.5363121,34.56401825,31.1856575,30.02553368,30.62181282
27.84589005,31.7785244,29.03928375,28.74631691,29.6788044,29.39403152,29.00537109,29.58684158,28.90552521,29.14885521,29.03153229,28.74252701,29.71563339,29.45782089,29.75347519,28.64375305,29.9059906,29.06659698,28.31752014,28.75802612
26.72358894,34.30497742,27.55205154,27.5430088,27.56204224,27.37136459,26.33821869,27.32775116,25.86590576,26.2512207,26.7409935,26.87093735,29.42234421,26.90429115,26.88184166,25.96370316,28.94795799,25.69096565,25.34049988,26.53030396
27.22181511,35.20534515,33.09914398,25.18260574,35.48829651,35.01740265,32.24957275,33.65146255,31.39232254,32.62702179,31.47415543,30.09647942,31.93925095,31.1230545,29.95788956,27.7517128,31.37574196,28.14357185,26.82138824,26.50648308
20.64200974,12.8896637,12.33042336,14.46042633,15.45309925,13.99053764,15.25903511,14.70637512,12.48207951,11.98217297,12.22795105,13.67930412,14.55418682,12.59262562,11.21251202,12.71013355,15.06672764,12.78325558,15.08449364,15.52373886
19.75684738,21.68307877,21.78413391,26.59293556,26.60493279,24.54950714,25.63220596,27.9743309,26.9742775,26.78219795,27.41503143,30.08063698,27.92225647,29.05386734,28.81734467,29.55140305,31.56551933,30.44129944,30.83424568,29.91236496
22.32600594,13.43670845,10.62095261,11.68609524,14.93842316,12.23916626,15.43999481,15.32554436,14.19093323,13.52310658,14.47365093,15.62374687,16.07381439,15.20273113,14.76751328,14.8572073,17.15876389,15.32662678,15.28962517,16.09666443
21.64130783,20.0714035,18.34000778,18.40594864,20.09007645,18.56222916,19.83830261,20.46142578,21.12001038,20.80446243,20.82479858,23.10444069,21.93912506,22.48681831,22.74633408,24.11836624,25.09363556,23.76984978,23.93945694,23.31035423
24.14545822,16.62104034,20.88147354,19.11914825,30.21566582,29.04485321,28.18743515,31.32200241,28.97946548,29.26627541,27.91513062,28.48802567,31.73767853,29.57596588,29.28553772,28.81299591,36.18763733,28.86841202,32.44465637,31.82897949
30.18677521,23.2146492,25.15503693,20.68311691,21.2722168,22.47125435,22.25195122,22.89889908,22.02078247,22.27415848,23.7419548,23.22097778,26.18000031,25.23387527,25.83718872,26.2788105,27.73267746,26.82523346,26.82458878,27.2801857
24.83195496,15.38399029,23.81015205,19.53620148,30.89274406,30.03894806,28.78417587,31.74663162,30.02284622,30.36892319,28.66616058,28.82159996,33.11441422,29.96736526,29.10887909,28.37969208,35.66242218,30.12227631,30.99767303,29.73706818
30.57650375,27.13077736,25.43558121,25.1248455,24.27925873,25.96910858,24.34022522,25.11688614,23.30361938,23.89824867,24.46865082,25.02017403,27.4744854,27.23652077,28.26257706,28.28275681,30.58463097,29.15762711,29.04374886,29.0814743
5.81983185,6.05381155,6.82171106,8.20444107,5.28959513,4.88706875,5.12603664,5.68055534,4.9961729,5.03409529,5.17986298,5.33003759,5.40248919,5.17436886,5.05423784,5.30043268,5.20178223,5.31247997,5.06365585,5.11855793
5.56506062,5.7475214,5.48860931,8.28865528,6.33634996,6.55848598,7.69521523,9.36183834,8.07515144,8.24504089,8.58183765,8.74090576,13.16624069,9.26503372,9.05573463,10.40724373,13.36321068,10.59221077,13.63648891,13.33569622
4.91862774,5.75908232,6.74957895,6.05934143,6.26856709,6.03312254,5.79364395,6.90231752,6.24538374,6.18053627,6.26821613,6.45708847,7.81211472,6.72981119,6.50285864,6.52511978,8.05633354,6.66195679,6.99527073,6.87526464
5.16339731,4.39748287,4.32862282,5.28275394,4.90674639,5.04001713,5.11887264,5.93523788,5.41703463,5.40975523,5.5104003,5.78509665,7.19409561,5.7334075,5.79555845,6.22398472,6.98384428,6.87251234,7.41587448,6.98994923
5.3006382,4.89107656,6.36480808,9.86427498,7.28228474,6.92061901,7.07181787,8.06083679,6.90975523,6.81813812,6.93822813,7.47847748,8.87927055,7.36047029,7.63498497,8.74948597,8.89003181,8.07196236,8.4667263,8.8322649
4.91014576,4.65578938,6.76632309,7.15717506,6.70189762,6.51866198,6.07215166,6.92288828,6.35587883,6.09091949,5.94008255,6.24753618,7.48399878,6.28070498,6.27574587,6.23764467,7.55176687,6.47156334,6.8648777,6.57594395
5.0883069,6.47233772,6.51715946,8.1634531,7.28865147,7.63265228,7.62582397,8.56156063,7.39369106,7.14772511,7.72790623,7.95457792,10.97309875,8.30981731,8.53540039,8.43208504,11.28292656,9.00566196,9.68777466,9.46002674
4.49511862,4.71897936,5.63760996,4.84825039,6.00981808,6.59973812,6.56960297,7.69053936,6.93908501,7.17277813,7.19509554,7.26370192,10.06399345,7.55607224,7.47200441,7.75803232,10.23553562,7.93327236,8.82386398,8.58530331
3.98844862,3.35395002,2.25599289,2.61417294,1.66916656,1.24561119,1.53784275,1.73783207,1.43338776,1.33571243,1.38738728,1.48049831,1.28118038,1.47991562,1.15292549,1.3683939,1.10038948,1.42923164,0.9578228,0.92141247
3.95235205,3.49086332,2.88182783,2.74458981,2.35591698,2.0901823,2.25295782,2.75899029,2.19534016,2.1314106,2.20434284,2.14057159,2.911273,2.09467793,2.0821743,2.24547482,2.72027206,2.51904011,2.59451389,2.45371437
4.23331738,4.05264711,3.27715206,3.61194563,2.51901484,1.9020443,1.71704388,2.23081207,1.67602444,1.55772114,1.43276215,1.32485867,1.84144306,1.24374771,1.22810459,1.13561726,1.33757782,1.14567852,1.43894768,1.0415163
3.92622042,2.7610178,3.28217649,3.02346802,2.12969875,2.02256823,2.13211918,2.56036139,1.74041367,1.61293316,1.69188881,1.47781086,2.23347569,1.51681614,1.45533657,1.59582424,2.01689148,1.74061012,2.16530037,1.84482288
4.25654364,1.8706336,2.01825809,1.58469772,0.87499332,0.70179272,0.88767624,1.40812492,0.61007786,0.54942513,0.58057308,0.6242094,0.56289291,0.41871834,0.32449245,0.30207253,0.32865334,0.4964323,-0.24488926,-0.27885342
4.05795813,3.3818965,3.14275694,2.50874233,2.70930529,2.36816359,2.10486603,2.36815834,1.32820511,1.10313892,1.1181488,1.11043358,2.36771774,0.93672562,0.72672939,1.00205898,1.70161533,1.08324432,0.96829033,0.68323421
4.2058897,2.07322502,1.83164215,1.89591599,1.53492117,1.28187943,1.57831192,2.04946232,1.54411793,1.43598747,1.44552135,1.41928864,1.45645809,1.2027483,1.34474564,1.27721882,1.36332893,1.49933434,1.17234135,0.81128216
3.79270411,1.14366913,1.55278635,0.49487209,0.87950611,0.89613533,0.89063549,1.40192318,0.79180717,0.79385281,0.65352345,0.70081615,1.29311085,0.4764204,0.57816029,0.74588203,0.95423222,0.93264103,1.29888153,0.83400059
6.12717628,6.25215292,7.00436974,8.44202709,5.34377909,5.00238562,5.20732641,5.72187042,5.0685339,5.05388355,5.14893103,5.36246729,5.30132961,5.2090354,4.96930265,5.3074069,5.04800367,5.29327297,4.91755772,5.0018158
5.6799798,5.02129936,5.13272095,7.06877851,5.72566319,5.75096798,6.59849167,7.60884714,6.78693628,6.85302591,6.95431662,7.05386162,10.90183258,7.40650606,7.58896923,8.43939018,10.81278992,8.66931915,11.2803278,10.99335957
5.02309799,5.28958321,6.55166054,5.77667713,5.84267616,5.75728369,5.68463707,6.70504856,6.15638828,6.31741619,6.66068125,6.95713997,9.14640617,7.44870472,7.2360158,7.05478954,9.4846983,7.39750051,7.8921752,8.18144417
5.25904036,4.78532124,4.92797184,5.95538998,5.17285538,5.13162422,5.32616711,6.37333012,5.69848394,5.57467842,5.73877764,6.12582302,7.50847387,5.91229486,5.95438719,6.84460831,7.46209669,7.29101181,8.84196663,8.00175285
5.01366854,5.68028212,7.09689713,10.90786934,7.90112305,7.35983372,7.16633892,8.29749966,6.99624729,7.07871389,7.185256,7.66373158,8.87775898,7.73334312,8.04892731,8.95829678,9.32150745,8.41082954,8.99006271,9.27591324
4.69689369,4.52698517,6.84273672,7.21278048,7.10783577,6.9421525,6.22556496,7.28927898,6.53647184,6.23762703,6.04510021,6.31517267,7.73312092,6.30219698,6.18223476,6.20429373,7.6848917,6.49002838,6.87589264,6.68755436
4.91576958,5.76585197,6.03932142,7.59123898,6.37594986,6.59650898,6.71662617,7.50606155,6.38927841,6.25739622,6.5573945,6.82689476,9.39051437,6.85926485,6.89998531,6.77952194,9.1767025,7.31527376,7.92733908,7.7690239
4.36358118,5.02627993,5.4820652,5.31569576,5.55106783,5.96675873,6.08697414,6.69380093,6.08137274,6.19220114,6.24410915,6.2165451,8.49546814,6.43083572,6.34888315,6.97450113,8.65041828,6.9347868,7.96602106,7.82396698
5.21917105,4.39975071,3.61877394,3.13688326,2.01579714,1.9517355,1.96189213,2.3920145,1.95943165,1.9324398,1.84852886,1.91334152,1.75461864,1.96630764,1.89259624,1.97434139,1.51701164,2.19074249,1.46115303,1.47256851
4.99902153,3.65160871,3.43643332,3.95806074,3.2508378,2.99601936,3.23308849,3.79027367,3.12460089,2.9618454,3.12410545,2.99433327,5.00526237,3.19560242,3.26464462,3.58837032,5.18148804,3.75704193,4.65151978,4.58540916
4.65921307,4.74806499,4.82755756,3.76677847,3.64389896,3.34249496,3.1262641,3.62934303,3.06684256,3.03527164,3.00187206,3.04659653,4.46645689,3.41663647,3.13648129,2.81913376,4.59246445,3.42847443,2.99191856,3.15121555
4.46251774,3.33615637,3.13293743,3.50570011,3.52356863,3.70212603,3.74247074,4.69118404,4.14429331,3.93313122,4.18272305,4.35602617,5.87122679,3.98826027,4.22850895,5.04944086,5.61910486,5.09936237,6.64043427,5.42005348
4.13124704,2.53020477,3.7977438,4.80243826,3.80277395,3.39210558,3.55155945,4.12142563,3.45809174,3.53461218,3.48703671,3.58881283,4.05036831,3.56348133,3.42492485,3.73825169,3.95244217,3.78126144,3.40587044,3.79085064
4.01499748,3.86098933,4.5216198,4.42633629,4.06133461,3.35569763,3.18250942,3.58290768,2.94541168,2.55133915,2.60957718,2.7490797,4.4528513,2.82790184,2.77765942,2.87697601,4.71248436,3.13634682,3.70352268,3.69623756
4.21718788,3.24478054,2.86910963,3.06681299,2.50606632,2.36175203,2.40320587,3.08583641,2.20808887,2.07853031,2.22881222,2.24074459,3.07535839,2.07185364,2.08894444,2.15978622,3.05810356,2.43173122,2.50594902,2.21344757
3.7982657,4.2571516,4.23010492,3.17798185,3.37287855,3.23034048,2.99341679,3.36305046,2.74127865,2.70856571,2.535326,2.48649406,2.89935017,2.4586935,2.25302505,2.24858189,2.90637398,2.29933071,2.52432919,2.2739296
4.31882286,4.93480968,7.08371067,9.43034744,7.16129351,6.61405134,7.3609724,7.77317047,7.14154434,6.86116362,7.0285635,7.63697815,6.97316599,7.14390612,7.09247828,7.7165885,7.37618971,7.30695343,7.39345455,7.4956522
4.41286325,6.36323452,5.93782759,6.83978748,6.42338419,6.38250113,6.80713177,7.3487134,6.75338507,6.95352793,6.75909233,6.96216774,8.23661995,7.01189327,7.07029819,7.08534718,8.5460701,7.47957945,7.62504911,7.50739574
4.66482592,4.65816784,5.49430466,6.31660938,5.67776299,5.6371994,5.30888033,5.96123505,5.43788958,5.35593319,5.51845264,5.43229532,5.88929749,5.58168602,5.65193319,5.08574057,5.82292223,5.42517519,5.47902966,5.45213509
3.84346056,3.53479004,4.53008318,4.7902956,4.52350187,4.52529621,4.56774998,5.26889753,4.80769396,4.79565716,4.89209652,4.9746809,5.45509768,5.02036762,4.83080244,4.75220966,4.97525454,5.13247347,4.79465294,4.65982723
3.80934882,5.5885191,7.69947481,10.13415146,8.93225956,7.51913357,6.85744429,7.31640244,6.63060808,6.19182062,6.07215548,6.55736637,6.073915,6.10513926,6.2157445,6.24160242,6.58498764,6.18742609,6.19294262,6.39629936
4.3476181,4.09147072,6.21512794,6.46972513,6.66230631,6.81772709,6.25699425,8.19606972,6.77889156,7.17651558,7.22205019,7.38405943,9.55572701,7.509552,7.29914808,7.13947201,9.38965797,7.526793,8.10569477,8.55788803
4.1424408,6.65022993,7.28385592,7.51759815,7.16435814,6.96332359,6.72567797,7.86260986,6.81308031,6.70063305,6.83687449,7.12670994,9.00018215,7.08252954,6.9997735,7.242311,8.44666576,7.4243865,7.96942139,7.79702568
3.69465208,3.48321152,5.37849379,5.04891014,5.32295895,5.79731369,5.83697605,6.4390769,5.9751544,5.98847008,5.80183458,5.82821083,5.93807077,5.82153702,5.72489548,5.38543177,5.55925512,5.6273632,5.39964199,5.16109562
4.36905289,5.21213341,6.56277466,9.34538078,6.65306854,5.38672256,5.60603619,5.95864391,4.82277107,4.99534702,4.84588718,5.26930141,5.32900047,5.28141308,5.15791416,5.99968958,6.07020569,5.60246325,6.19702578,6.41107035
4.71344614,5.33825302,5.46623993,6.21456528,5.69157743,5.3951869,5.62398434,6.11538124,5.26448965,5.31641865,5.17763662,5.12950087,6.29788446,5.11334133,5.15098,5.15530539,5.96890068,5.45514536,5.87945986,5.76227427
4.47663641,3.45069408,3.9882822,4.65080738,3.87763548,3.35924292,3.06555223,3.59566927,2.94138241,2.79883957,2.78084469,3.02112865,3.31297112,3.00056076,3.17104435,3.00959778,3.16722965,3.25584888,3.13870335,3.15065861
3.98660946,3.22267962,4.27761889,4.78824997,3.979599,3.94271374,4.2226429,4.89696312,4.66935873,4.51470852,4.60558176,5.26932716,6.69161892,4.97109175,5.22481871,6.17155647,6.00215673,6.30146742,6.72615242,6.28047276
4.09531212,4.22958374,5.85474968,7.34725857,6.3588562,5.3657074,5.71806002,5.81597662,5.02222729,4.82201385,4.89824963,6.03539705,5.34745216,4.95751476,5.39204073,5.75275993,5.38042259,5.26024199,4.63012123,5.00313663
3.77105546,3.8984561,4.73825073,5.03021336,4.80892658,4.60632515,4.44936419,5.27335262,4.39219475,4.74968529,4.61395884,4.79003906,6.09242916,4.7692585,4.77864647,4.99790859,6.65421677,5.21865416,5.52068567,6.26316595
4.18981075,5.80515385,5.18394995,4.9840951,4.50751877,4.38673306,4.43313313,5.7324872,4.43691349,4.19757366,4.61969948,4.4553895,6.94036627,4.5717411,4.40774918,4.7464447,6.84314203,5.54918194,5.27745771,5.6737957
3.47638988,3.84322333,4.79517698,5.08726501,4.25733805,4.55551958,4.38036108,5.28644562,4.58043432,4.44943476,4.35728598,4.35950089,4.61192226,4.22853088,4.14251709,3.96453953,4.36899567,3.9898262,3.93459988,3.91987705
4.57313776,6.64351463,7.54526329,7.60940123,7.19252253,6.80023479,6.99208403,7.50934935,6.93924046,6.87263536,6.95440435,6.90511847,6.99996185,6.4692955,6.41309881,6.40898132,7.02072001,6.3314085,5.77292347,5.87743616
4.31860924,7.28925991,6.38032436,7.407794,6.57281971,6.37366629,6.42098808,7.14988232,6.30113649,6.35173416,6.48270512,6.48718405,8.27776909,6.35846138,6.6030283,6.55090237,7.47882605,6.86490059,7.026896,7.1565876
4.66381073,6.10199451,7.06629229,6.49089479,6.07061863,5.88916016,5.40640831,6.15475321,5.54091024,5.50138712,5.57352781,5.53293705,5.85642719,5.49550724,5.34533691,5.14540482,5.5446682,5.33240557,5.45581532,5.243855
4.47916603,5.026577,5.68916416,5.63273478,5.69654274,5.73972988,5.36317348,6.08504343,5.29270124,5.37379932,5.26448154,5.34092903,5.37186766,5.25179672,5.16428709,4.78648663,5.03163195,5.09586048,4.81005669,4.5496769
5.38835955,7.26982021,7.50200272,8.78740788,8.45042324,8.04367733,8.36622047,8.75412369,8.02928066,7.98434353,8.17420769,8.15531826,7.91047621,7.95657063,7.93076897,7.91073227,8.14382076,8.00041389,7.62428284,7.70718098
5.45094061,6.81361628,8.33239079,8.58051682,8.00754547,7.51365566,7.0752182,7.89689445,6.97847652,7.00856304,6.90665054,7.16192722,8.07557106,7.01186228,7.04486704,7.40046978,8.02080536,7.41432381,8.43735504,8.23615646
5.06962109,7.69029045,7.91384268,8.38564205,7.4806056,7.23324728,7.26506138,7.67037678,7.13437986,7.06955481,7.18303728,7.10141325,7.40932846,7.06287146,7.12936163,7.11373472,7.15936995,7.30168629,7.11343765,6.95395231
4.79213428,6.71738005,7.8762598,8.69589424,7.86519146,7.82594013,7.26224232,8.00849533,7.21965599,7.08621883,7.05555534,7.16798925,7.48472595,7.00975561,7.07777023,7.12626266,7.13171864,7.14992905,7.31539106,7.06313467
4.04770756,5.14130926,5.20706177,5.44787312,4.42912197,4.14964104,4.19941187,4.46345329,3.91629314,3.85657644,4.008111,3.98564816,3.7515955,3.87378216,3.86750031,3.85145664,3.70213413,3.90194416,3.30954552,3.41993046
4.0748148,6.139884,5.39496899,6.67248535,5.72341156,5.49551105,5.49965143,6.09096813,5.28382301,5.36292648,5.28625584,5.39758062,6.66880608,5.32417202,5.36106491,5.42010212,6.37184811,5.68817377,5.62597132,5.79000473
4.1973753,5.71381712,6.47426176,6.12257814,5.22420168,4.83534575,4.63348961,5.17733049,4.66300344,4.77469826,4.73390961,4.79289293,4.9237299,4.63519287,4.49295998,4.41000557,4.45344639,4.45532799,4.50016308,4.26160431
4.24685431,4.28462648,4.73996162,4.97625589,4.64516783,4.67415237,4.50282764,5.1997304,4.50828838,4.55522013,4.51642799,4.55309677,4.57819748,4.44843626,4.41856098,4.2447443,4.33799744,4.45717621,4.35930538,4.0382719
4.30831099,3.2041111,5.13332367,5.3910265,5.84869814,5.83491135,6.06357956,6.36362171,5.55808306,5.51554489,5.5640583,5.70484734,5.31238651,5.29840946,5.43808508,5.34353113,5.53751898,5.55988789,4.91842175,5.07650566
4.56731701,5.08677483,6.15779305,6.51319122,5.99169159,5.33082008,5.1225853,5.69305182,4.89990807,4.86433268,4.75280476,5.08684492,5.40554476,4.75083828,4.89863157,4.94556904,5.36845398,5.01142454,5.25273752,5.06293583
4.6353817,5.26533508,6.78009415,6.82741833,6.20106077,5.73949528,5.80277395,6.19609737,5.650424,5.59362841,5.65037537,5.4121666,5.89503241,5.30122757,5.60122013,5.48618126,5.53095388,5.54195881,5.57949638,5.16193962
4.04238415,4.37663364,4.45340729,3.9302702,3.76834488,3.97524071,3.86883783,4.29261875,3.8232255,3.93204594,3.89558935,4.05158567,4.26089954,3.94670105,3.93536472,4.28126812,4.12923622,4.03277302,4.27555847,4.09220791
8.37421799,13.75573826,13.77341461,14.83280659,13.32656384,12.87186527,13.31009102,13.31888771,13.14393044,13.48844528,13.30834579,13.22701073,12.41323853,12.67563057,12.66302776,12.52930641,13.04158211,12.16311073,12.54594326,12.34749222
8.09202003,11.28489876,11.53286171,14.3735714,12.28500748,12.90948105,12.61631393,15.37270927,13.56080341,13.26283169,13.39880371,13.25913429,15.66725159,12.93468761,13.04968357,12.85324478,14.59173489,13.3883276,13.65706635,14.25386238
8.64357758,13.86674786,11.75911045,11.49134541,10.20727253,10.31484509,9.74081135,10.75976276,10.13588619,10.14458752,10.01833725,9.99167347,10.21253777,9.91942406,9.86800385,9.4246664,9.92869949,9.60892963,9.97243023,9.62239647
8.0348959,9.92458057,10.18771076,10.07337379,9.41982365,9.66836262,9.27827454,10.14332962,9.57854652,9.52719402,9.47653484,9.66502094,9.76862144,9.76709747,9.73205948,9.27157784,9.58700562,9.37974739,9.59337902,9.28511047
9.50980759,13.37169075,14.92183781,16.76349068,13.91313553,12.92907619,12.92953396,13.41423607,12.92761707,12.53540993,12.71737194,12.82705879,12.21202946,12.59853363,12.67818737,12.68325043,12.79442215,12.5596447,12.85187912,12.67986774
10.11244392,18.40016937,16.56634712,18.82445908,17.90888596,17.10688591,16.27750397,17.67116547,16.16378975,15.48904037,15.40402412,16.11351013,17.05827141,15.07826424,14.99862099,15.70350266,16.99141312,15.07138443,16.69662285,16.60277939
8.92691708,13.84700298,11.64945126,12.40284538,10.80399704,11.20137215,10.85635948,11.67644787,10.90711689,11.09291649,11.05965233,11.02206326,11.31417561,11.07994366,11.11431503,11.06046295,11.32015991,11.13942432,11.20102119,11.05490685
9.15323257,13.28172493,11.78747177,12.19217396,10.86645603,10.9699297,10.48131752,11.24041557,10.83043957,10.78857517,10.7243576,10.84436798,11.09650421,10.92012882,10.81669903,10.56099701,10.77025318,10.81302071,10.99935341,10.77791214
4.01310539,3.40104103,2.28609037,3.0545435,2.18904543,1.87697792,2.18748283,2.303339,1.85874653,1.91364002,2.06830215,2.1559782,2.13972569,2.21168232,2.01014519,2.15703201,2.11906242,2.22741604,1.89918232,1.68454361
4.09166861,3.98596287,3.72426224,4.07547426,3.57616091,2.97542953,3.02338696,3.65635252,2.89259815,2.91526413,2.8557148,2.98547649,3.80546665,3.03616428,3.148283,3.18316364,3.97800732,3.70487499,3.6915369,3.68536568
4.17496443,4.6335535,4.87253428,4.49059105,3.78854084,3.21549416,2.84741688,3.33924198,2.80511141,2.67075443,2.64242744,2.61968327,3.14570427,2.46148777,2.44152927,2.35465813,2.88196564,2.65746784,2.47907639,2.39079475
4.02393389,2.94739723,2.89456415,3.42873955,2.85619402,2.94141197,2.75737,3.31222486,2.74126816,2.61761665,2.6382122,2.79015732,3.0067482,2.5398531,2.48411846,2.54796028,2.70663452,2.79833317,2.9614706,2.6000185
3.7159102,3.0053544,3.30945539,3.59716654,3.03368187,2.56235838,2.72839928,3.06421709,2.45215702,2.37470055,2.45123863,2.51369858,2.29705143,2.32358742,2.26474476,2.29816532,2.25542164,2.27898121,1.73983955,1.75974369
4.0951376,4.24684715,4.0897398,3.5247016,3.86570072,3.43622637,3.08994627,3.60945177,2.83806419,2.65990543,2.76767826,2.76766682,3.18064213,2.64585972,2.42607498,2.73562431,2.98197746,2.764884,3.03288937,2.96991634
3.98452902,4.01418066,4.13262892,3.89566374,3.78884125,3.39606094,3.47899532,3.83523703,3.21283674,3.1602664,3.07754898,2.95299339,3.30491447,2.78302288,2.81427479,2.74428082,3.0384407,2.99007797,2.79107666,2.48299885
3.64175129,2.7738719,3.02710819,2.63978338,2.66322565,2.72240448,2.51619244,2.98374414,2.34169292,2.4048996,2.21579266,2.32337475,2.49851036,2.40238285,2.35651112,2.51851559,2.47032928,2.66849995,2.5996666,2.32227135
3.64031219,4.79492664,5.66331482,5.64046144,4.58064175,4.99265623,5.03966618,5.58697462,5.38825369,5.69904232,5.6837244,5.94748354,5.63965893,5.7930541,5.73894358,6.25457096,5.67810535,6.16258383,5.79145813,5.81428099
3.64884138,4.64969349,5.3975172,6.62444448,6.47422457,6.2977457,6.23186588,6.87896252,6.01088953,5.96008587,5.86388397,5.66341591,6.63415575,5.74687481,5.70529079,5.59799719,6.32253122,5.80294609,5.79526138,5.55582952
4.38467026,5.49304247,5.47553444,5.47773075,4.806952,4.78014708,4.27949715,5.11371851,4.4731679,4.56477642,4.65634489,4.67426348,4.93819666,4.76043081,4.78380489,4.45318222,5.14949083,4.88592386,4.84110355,4.7344408
3.97947264,4.98726368,5.81783295,5.65881109,5.83381367,5.87740421,5.44767094,6.3305254,5.51999998,5.62811804,5.50553179,5.36822462,5.69082212,5.43451691,5.29942465,5.30176258,5.50447655,5.45362139,5.2325983,5.11814976
3.98560882,2.98115969,5.16279984,5.91056967,5.43049145,5.7233696,5.73056173,6.38913202,5.91604233,6.18202686,6.25352049,6.35477924,6.33749104,6.39268017,6.39214945,6.44042015,6.68162107,6.657897,6.44202137,6.37419319
5.02361488,5.77976656,7.35426235,7.78305769,7.35206604,7.34567165,7.00036907,7.97846699,7.16096783,7.39098167,7.3182354,7.5136795,7.79034615,7.10864925,7.45825243,6.91170883,7.89971876,7.15691328,7.03501463,7.05187941
4.12813425,5.73140287,5.73091841,6.18840885,5.74089146,5.56982136,5.59391546,6.08435059,5.25279284,5.27578688,5.4244442,5.29219341,5.55934286,5.56897068,5.51080227,5.39203835,5.50849581,5.60693407,5.30093002,5.11767483
4.283638,5.46447086,6.44749928,6.47230434,7.04373932,7.1325264,6.40882492,7.3539052,6.29293776,6.26823139,6.45192862,6.24154043,7.37393475,6.32905054,6.23883772,6.3193512,7.34688568,6.51887321,7.00203228,6.58085585
4.16378546,5.52601528,7.29379177,8.91122246,7.58870506,7.77513361,7.68617582,7.74580574,7.25967407,7.45074797,7.47907972,7.77944946,7.62728119,7.49353456,7.58351183,7.85539484,7.97701883,7.86989403,8.10915184,8.0383749
4.17111635,6.30956554,6.93720675,7.06328011,6.8598299,6.74285555,6.8089757,7.94908333,6.86136675,6.95569468,6.8838582,6.79857349,7.59539795,7.07054472,6.9152317,6.5646553,7.31858635,6.87207794,6.53356838,6.38233662
5.13571072,8.39156532,9.21933651,9.78530216,8.76142693,8.66382599,8.01305199,9.01968575,8.18681335,8.28892422,8.07779503,8.26307297,8.10462284,7.64517879,7.71413946,7.20251083,7.99402523,7.57252026,7.19627428,7.19974422
4.73012114,6.91750526,6.93197775,6.8265543,6.72420263,7.13351154,6.55882072,7.37960339,6.67638779,6.72255087,6.56852293,6.45996618,6.64673042,6.48133373,6.15892744,6.09934711,6.18008375,6.06959677,6.0090127,5.72860575
3.89516926,5.03707409,7.61669302,8.57534027,7.48479271,7.22412109,6.9539423,7.40847206,6.88390541,6.9543457,7.04612541,7.17078686,6.92449331,6.98716164,6.96030903,7.17853737,7.38393784,7.38633871,7.68106031,7.59059048
4.27042532,7.1624856,8.65970135,8.72849941,8.6769352,8.46419144,7.79306507,8.65059566,8.09522629,8.0801096,7.76402378,8.04171085,7.81432438,7.74739218,7.92697144,7.33841658,7.8328352,7.77534056,7.45927715,7.48523188
3.97064114,6.50317001,7.02767277,8.18964958,7.50571442,7.31336308,7.55894232,8.66903877,7.61929131,7.45321703,7.56650829,7.39412785,8.35151863,7.47285843,7.31047344,7.12753439,8.09182549,7.564569,7.16642666,7.23006821
4.13107872,6.48897457,7.3629694,6.38222075,6.5140872,7.03407621,6.49951935,7.5672121,6.60831928,6.67262125,6.4652009,6.49023867,6.81630039,6.45187712,6.42651081,6.14247894,6.5644865,6.30187607,6.13272095,5.99236393
3.29858208,3.25592279,4.02743196,4.40632486,3.624578,3.71231365,3.69963741,4.07085705,3.75094366,3.80801153,3.85215998,4.03583622,3.79170799,3.86523247,3.79766083,4.02194214,4.03587246,4.12551689,3.72348499,3.66887379
3.52196789,4.27991295,5.07141685,5.89057446,6.20279312,5.98615742,6.07403088,6.61094809,5.82175779,5.68069172,5.67355156,5.45920944,5.90918303,5.49668074,5.34529114,5.37992048,5.68814945,5.5544157,5.34900141,5.03386211
3.93698692,5.13099194,5.37264395,4.97419214,4.92597723,5.04263783,4.63393784,5.89270639,5.05627966,5.08140898,5.28126144,5.13330603,5.79417229,5.42922878,5.35700464,5.07698631,6.24898529,5.45224333,5.29915953,5.31570911
3.40436316,4.88824081,5.59461737,5.15365887,5.43910599,5.3565011,4.84856844,5.81529188,4.87015152,4.87115479,4.7226615,4.62130547,4.84704638,4.56644869,4.49144554,4.43273449,5.10612297,4.60746098,4.29282761,4.18659592
3.22510099,2.89913225,4.02197695,4.87344074,4.44650984,4.6759305,4.61156559,5.423069,4.87291813,5.10422516,5.01922512,5.18351316,5.29112291,5.13840103,5.14037609,5.31167078,5.59934092,5.33949089,5.32709932,5.30430412
4.23632908,4.59343719,5.69564819,6.03878021,5.98553705,6.20017624,6.0685811,7.54621983,6.33419275,6.31761408,6.6441412,6.52497578,8.04230881,6.45731211,6.52212477,6.44127798,8.04913998,6.62856865,6.90503359,6.79550123
3.42005587,4.60974169,4.95090628,5.34490585,5.12610292,4.85453939,4.96027517,5.46496344,4.49999714,4.56543732,4.5251689,4.45437288,4.83302259,4.52148104,4.37054777,4.46766186,4.93484974,4.84529877,4.55500793,4.3369627
3.56078577,4.7430172,5.80861282,5.54785204,5.99991417,6.00933552,5.76735926,6.35163307,5.6460309,5.60768938,5.66653299,5.5683322,5.9879365,5.64399481,5.44503164,5.62056923,5.85148573,5.70608759,5.81283855,5.55790949
3.14788604,3.22137833,4.47867775,5.14095974,4.42316151,4.5948658,4.5231843,5.13761091,4.60380554,4.76038027,4.71837139,4.93381882,4.96090269,4.98273277,5.03748083,5.22060823,5.38253164,5.25282955,5.00551558,5.12440872
3.47621822,4.18472719,5.09616089,5.40557575,5.60296917,5.29222631,5.27922249,5.82507515,4.88740587,4.93581295,4.99589825,4.85860634,5.20234156,4.94622612,4.81511641,4.87500858,5.33018303,5.21703815,4.81898785,4.57302666
4.21729279,4.54920578,5.20002699,5.46393204,5.39995956,5.35673666,5.01549196,6.44586372,5.31751966,5.54019356,5.77069616,5.85422468,6.99378395,5.67187881,5.74956512,5.79708624,7.07784224,6.02463913,6.37585163,6.31554079
3.45253754,4.80358601,5.74442148,5.40439415,5.66965151,5.55475473,5.11988831,5.78653526,5.07332993,5.10033989,5.00613976,4.91654539,5.30695391,4.84404707,4.71545458,4.87895584,5.12680769,4.96841621,5.08643579,4.7833271
3.39939165,3.08190298,3.80635262,4.26488924,3.64278793,3.7955904,3.65140963,4.1521945,3.68381548,3.8539176,3.80343771,4.0506506,3.87862539,3.81035805,3.84675884,3.8307066,4.12232494,4.0896883,3.88743305,3.82695675
3.94330931,4.80419064,5.47301149,5.07383728,5.02594471,5.22656536,5.00953245,5.86642551,5.23813963,5.22276926,5.27880573,5.29044104,5.52037239,5.34905624,5.34194613,5.25017643,5.885355,5.50596237,5.18223763,5.16846132
3.47852921,4.80382729,5.06938171,5.8775115,5.96815205,5.67219734,5.71767187,6.32091904,5.3451786,5.30638742,5.22929764,5.05049515,5.61503506,5.09381819,4.85004759,4.86026096,5.59505844,5.09613419,4.9787426,4.73802471
3.53527212,4.36945438,5.00925684,4.95717192,5.1608634,5.07311726,4.9197917,5.73855639,4.90395451,4.92367077,4.89655542,4.85172415,5.2263689,4.91043901,4.86866951,4.98449135,5.42941761,5.17549419,5.17486477,5.01247597
3.94120312,3.60340691,4.59915352,4.79345846,4.28990459,4.32038736,4.15143347,4.70271683,3.93971252,4.10818911,4.07523489,4.13713408,4.29150629,4.29908323,4.37834406,4.52611923,4.78461647,4.65183449,4.3601799,4.21493244
4.25460815,5.05294991,5.90764999,6.51571131,6.31251144,6.05774689,6.38199902,6.83010197,6.0561161,6.08155775,6.17113638,6.05181122,6.14079571,5.94515181,5.87314606,5.89679384,6.26272964,6.12112617,5.85029507,5.67538929
4.68867016,4.57717037,5.6489296,5.69005203,5.82919407,5.74584723,5.72939968,7.12733936,5.97733402,6.28608036,6.71085024,6.95526552,8.88120461,6.89247274,6.8499651,6.83938789,9.1487484,7.31013966,7.5450778,7.84202719
3.93416882,4.63207483,5.61808825,5.93407345,6.33106852,6.42865562,5.93163347,6.72474766,5.9006319,5.83204746,5.80913496,5.74211693,6.50884819,5.81600714,5.66751909,5.92659044,6.27470684,5.97831392,6.22012329,6.02464962
3.31189394,3.23951244,4.48519754,4.63149595,3.95393085,4.12581682,3.9603405,4.51224232,4.09668732,4.49264574,4.42963219,4.59111452,4.6256752,4.66181564,4.6893754,4.94780064,5.04672384,5.02905893,4.79363823,4.6583786
3.70129418,4.98079395,5.60222149,4.73886919,4.49128246,4.34827566,4.0977211,4.5693078,4.05151272,3.91880846,3.99318552,3.94837904,3.94453478,4.04163361,3.95883465,3.90285206,4.15061188,4.07853031,3.74537754,3.78176403
3.33176327,3.93288398,4.53739738,5.12532806,5.3187294,5.0200963,5.09786367,5.54545021,4.62143087,4.57822657,4.36951065,4.35752106,5.57762909,4.27817297,4.37356186,4.09241676,5.52024937,4.47902966,4.11147594,4.12387276
3.28963637,3.83212996,4.08146667,4.01580191,3.97277927,3.9637599,4.07160521,4.7530961,4.21779156,4.19943285,4.17921352,4.13966227,4.45444918,4.12800884,4.28271246,4.16258144,4.52503681,4.4878006,4.45488834,4.36036491
3.09649897,1.78171015,3.03679991,3.04129028,3.18178082,3.31959963,3.51993847,3.90975189,3.50943089,3.63498259,3.65347862,3.72730017,3.64933014,3.67845631,3.61230659,3.73027611,3.80062675,3.86732578,3.27319241,3.32381916
3.54617929,3.05306768,4.35477638,4.64666557,4.94416142,4.66888428,4.78016233,5.18804646,4.30334425,4.23536205,4.27197313,4.01410866,4.2118144,3.95176888,3.96848011,4.03553677,4.2613678,4.1130228,3.91813183,3.72841263
3.94464493,3.72499418,5.24131727,4.76957607,4.90464211,4.95112753,4.83391285,5.29007006,4.82623291,4.83050537,4.83595991,4.88245201,5.26085997,5.01871538,5.15916109,4.93277311,5.80403614,5.33395958,4.97356129,4.91034889
3.2144978,3.96273303,4.48645878,4.24725962,4.71394444,4.70471668,4.45175314,5.12559938,4.28148603,4.20405531,4.19500637,4.05001497,4.63364553,4.18193579,3.98267841,4.20163441,4.47362804,4.35949993,4.20884037,4.09072208
3.15702724,2.89764309,4.02291203,4.12159586,3.28385401,3.24713659,3.08565426,3.65588474,3.24105644,3.58054829,3.54788971,3.70105648,3.73282337,3.80625725,3.78672886,3.94209194,3.93035889,4.03793716,3.57085896,3.56348801
3.65070271,4.73409271,5.09190273,4.55812454,4.18927622,4.09406328,4.05175114,4.39302778,3.930161,3.71410847,3.79410648,3.7242651,3.81275463,3.88640022,3.87349319,3.77288532,4.07681847,4.0307827,3.8937273,3.86519146
3.31010389,3.6073873,4.32396126,4.6596055,4.88866854,4.6016202,4.7987175,5.13764858,4.36602163,4.23758793,3.98673534,3.96053839,4.21123743,3.80212975,3.83591366,3.70253563,4.04224586,3.87147713,3.3884697,3.27430439
3.19851065,3.31976748,3.48232365,3.45571232,3.18493462,3.20651722,3.30532503,3.77043962,3.31034565,3.1518693,3.15145779,3.09362411,3.23492718,3.0721674,3.05572128,3.0827322,3.06816864,3.21666908,3.03623486,2.89865971
5.35764837,7.21388292,9.80375957,11.51963234,9.39155197,9.25358295,9.12450981,9.51282597,8.92606544,8.95442581,8.94082928,9.23319435,9.28783417,9.09617901,9.12728691,9.41363907,9.93428421,9.47441101,10.00892639,9.85876274
5.36736155,8.02559376,9.29310608,10.90824127,9.64851093,9.53865337,9.56030941,10.42733097,9.0699749,8.89250946,9.02758408,8.7226162,10.04977417,9.0326395,8.96292496,8.54658794,9.51541138,9.05176544,8.84985161,8.71671963
5.5612483,9.64617634,10.2582798,10.97089291,9.98592377,10.10628796,9.17627335,10.50857353,9.58303452,9.61235237,9.62872696,9.70469856,9.98287296,9.62127304,9.63431549,8.88536263,10.23553085,9.34068394,9.27335167,9.31070614
4.98950005,8.45574951,9.22531796,8.8618412,8.56965542,9.10087776,8.38692474,9.38631535,8.49011707,8.51723385,8.33094692,8.15639782,9.01946926,8.32300568,8.07393932,8.02791405,8.7467432,8.04903603,7.92609787,7.92688656
5.50432539,7.15858603,9.26983547,10.96146393,8.76336861,8.37896252,8.3030653,8.40683651,7.86171722,7.92183495,7.94977665,8.11566162,7.82915831,7.89627409,7.93677044,8.15922165,8.09269524,8.31460857,8.59856701,8.29800892
6.97224236,10.43684673,11.36130714,11.53600407,10.96894741,10.72842789,9.98091507,11.2893877,10.28258514,10.37480927,10.01536179,10.35239315,10.22454453,9.94411278,9.98119831,9.57580757,10.13718414,9.83188152,9.63219833,9.52944565
5.31476164,8.75757313,9.40335941,11.03046227,10.27125072,10.44639492,10.30482864,11.68754864,9.9927063,10.06821251,10.02074051,10.4459095,11.28100872,10.50086689,10.40777397,10.21115398,11.94769382,10.72957611,10.8035078,10.74339199
5.92309713,10.37915897,10.61870766,10.41845417,10.26520634,10.4521904,9.77628136,10.77801323,9.90670776,10.00167561,9.79001427,9.84437752,10.47088623,9.8135891,9.59142685,9.44249344,10.00220108,9.52726746,9.62001133,9.28106499
5.19737768,7.50384235,10.38144493,12.72221851,10.13297462,9.89094162,9.52824593,10.13794231,9.45363712,9.51073933,9.44323063,9.77411461,9.8308506,9.6028595,9.64129448,10.22369385,10.53616238,10.00020409,10.89340019,10.79068565
5.46719217,8.55909252,9.77199173,10.66940117,9.79890633,9.74577332,9.59072018,10.56013775,9.27863789,9.16522121,9.19736576,9.05845642,10.24379921,9.45040894,9.3107338,8.77648067,9.91067123,9.4170742,9.03658867,9.00931072
6.37831593,11.73170376,11.63195801,11.61513042,10.35138607,10.50017166,9.62642002,10.75497341,10.05473709,10.15024948,10.12687111,10.12128448,10.45851231,10.19443512,10.17436028,9.49714661,10.94484901,10.02819252,10.1555357,10.00241089
5.65003967,8.57781506,9.59446716,10.07635498,9.30892658,9.86036396,9.10955238,10.15151691,9.32791996,9.44418907,9.09980583,9.03787136,9.56058693,8.99353313,8.80323601,8.58740807,9.22088432,8.55596542,8.48969364,8.21256256
6.6812582,9.20555019,11.12606716,13.07685852,11.34467411,10.81174183,10.69978714,10.87767124,10.30644608,10.27742958,10.36540699,10.47055435,10.29532814,10.28912449,10.31904888,10.53072262,10.51413918,10.62408543,11.04253769,10.65393353
7.72507,12.24910736,12.70535088,13.19089317,11.83218193,11.86755848,11.723279,12.91308212,12.26861668,11.90787792,11.79817867,12.22592449,12.25413799,11.77605343,12.05148411,11.75325966,12.72192478,12.09242725,11.90478516,11.86611748
6.3926177,10.50789833,9.97095871,12.02361393,10.63219547,11.03086185,11.44940281,12.57185078,10.91734409,11.21273422,10.78500271,11.29253483,12.48741627,11.48298454,11.46679783,11.65301895,12.832654,11.80654621,12.20303249,12.55836868
6.77591705,10.30229473,10.62906647,11.48424721,10.70420647,10.98383427,10.62435246,11.43252945,10.86878586,10.90597916,10.86920071,10.95814228,11.64156723,10.988307,10.84687996,10.83512783,11.28658962,10.9261837,11.18925953,11.02716732
4.91396427,6.84346294,9.61394978,11.49583149,9.68847752,9.53001976,9.24703979,9.76170635,9.03470421,9.03311348,9.0509491,9.32315731,9.54944324,9.08313847,9.21737194,9.62320709,10.36309528,9.66839409,10.21789932,10.05418396
4.95027065,7.42866564,8.97724628,9.63669777,8.70667648,8.96197033,9.01424599,10.19262791,8.71793938,8.86990356,8.94639683,8.81452274,9.98665905,9.48458576,9.07465363,8.76071262,9.63811302,9.30566597,9.25333595,9.00360012
5.50425673,9.33055305,9.62423325,9.74122715,8.79430103,8.75979519,8.25540352,9.41342545,8.75438499,8.79131508,8.69333839,8.81186962,9.02693558,8.65768623,8.73553467,8.17264175,9.31368446,8.52004242,8.53058815,8.4050703
5.21117067,7.93881464,8.91492653,9.63142967,8.82649612,9.33449078,8.71662998,9.62219906,8.93045235,9.00798225,8.63686562,8.60693741,9.05548382,8.51924133,8.37614059,8.25871468,8.69140148,8.23909378,8.31202698,8.14941597
5.19047117,7.22231007,9.58018589,12.19813824,10.28224182,9.87133789,9.5612154,9.84232616,9.26812744,9.07824421,9.08534241,9.2698164,9.25631332,9.15463638,9.25458336,9.70121765,9.75821686,9.61790562,10.6816082,10.07037449
5.79762793,9.55833721,10.51824093,10.75335884,9.6493082,9.66036129,9.32963467,10.51194096,9.79622936,9.80813408,9.82208347,10.04113293,10.36011124,9.75060463,9.95926952,9.61349297,10.48029709,10.01313972,9.89805984,9.80832863
4.72853231,7.70757246,8.29327488,9.67286301,8.64824963,8.3921814,8.79308891,10.11625576,8.35349655,8.64574718,8.57810593,8.59646225,9.78137207,8.797369,8.56927681,8.53257465,10.02262211,9.13712692,9.01340866,8.86154175
5.58607817,8.43136978,9.70133209,9.87769794,9.58937073,9.99099255,9.43148136,10.28152943,9.66706276,9.5207634,9.51859283,9.48727226,10.1215868,9.51056576,9.23248959,9.16424561,9.5765152,9.04798889,9.45620823,9.15178299
5.46669245,6.81467819,8.82588673,12.0443182,8.68706799,8.48720264,8.19453621,8.68885326,7.9685626,7.96121407,8.13877201,8.39645004,8.6523056,8.31945229,8.37019157,8.82603073,8.99088573,8.7340107,9.33151913,8.85915565
5.44039774,9.97909355,10.74979687,11.65807629,10.92540932,10.90385723,10.64711094,12.1636734,10.20142937,10.01960945,10.03892517,10.29290295,11.12530613,10.5720253,10.54823399,10.27950478,11.62205219,10.34245682,10.52360439,10.51180458
7.14452267,11.02302837,10.7685318,11.05827522,10.35124588,10.2051897,9.67873955,10.98632336,10.14208794,10.34612751,10.04830933,10.37454796,10.17990303,9.92097569,9.89618778,9.43016243,10.27361774,9.71496201,9.32366467,9.33637238
5.91727543,10.64426136,10.7522831,10.8916626,10.23180962,10.44889927,9.58776474,10.49884033,9.75684834,9.80180264,9.46522141,9.52541351,9.95006657,9.52814007,9.25811005,9.24075699,9.59869099,9.19528198,9.22232246,8.99035645
5.35836792,7.32291651,9.56988621,11.90669632,9.67521095,9.48743534,9.31416607,9.58368015,8.97944546,9.02958298,8.97111893,9.08391953,8.9322834,8.79796982,8.88926601,9.12679195,9.52403355,9.30605125,9.70313931,9.68646431
5.52391195,8.94149113,10.61179256,10.95522499,10.78237057,10.86252022,9.88875866,11.51466179,10.73511028,10.25680828,10.29348278,10.20298958,10.70573807,10.06556511,10.22570896,9.38562584,10.55341148,9.83908653,9.59609127,9.58089924
5.26835155,8.32723522,9.46133995,11.90678978,10.12914848,9.8981781,10.37022495,11.53986931,10.03157902,9.78106594,9.75924492,9.66073418,11.04473114,9.63642788,9.5903368,9.27262592,10.61209393,9.85050583,9.41502666,9.33320236
5.0865612,7.39739609,8.69751835,7.86921597,7.82087898,8.4619751,7.65854216,8.90156746,7.80987167,7.88550377,7.63996887,7.46597004,8.04055595,7.56484938,7.42272568,7.06414986,7.66403913,7.16308832,7.03434563,6.88123846
17.36996841,19.17926407,18.67631531,20.27601624,18.89273071,18.80638504,19.56292725,19.26862526,18.81066895,19.22803497,19.2252388,19.37275124,22.49314499,18.80208969,20.04071426,21.21633911,21.69342422,20.26694679,23.39689636,22.74876022
15.39204216,19.08194542,18.34145355,19.07478333,19.03694725,18.75128174,17.76225853,18.72429657,16.94820595,17.10052681,16.76968002,16.55938721,17.84587097,16.79798508,16.6435318,16.05158043,17.46055984,16.40054321,16.88535309,16.88587761
17.19555473,25.48524094,20.1171608,25.23430634,24.45975304,23.97396851,26.22258949,26.74337387,26.56416321,25.05540848,23.90525436,24.47872925,27.15071106,24.0842247,24.53217697,22.877882,26.92662811,24.19326401,23.68996048,23.8265934
15.27379227,23.7019062,20.19381523,23.88080597,18.93868828,19.42984772,23.53435898,22.42607117,22.38581085,23.9046917,23.0153141,25.09749603,28.67457199,24.8170929,25.67501831,28.04123306,28.18492126,28.79410553,31.57320976,30.52210426
15.36673927,17.1982708,16.33936882,18.10220718,16.59240723,17.18393326,18.65304565,18.80203629,19.0778389,19.17346382,19.71574783,20.86793137,22.1436882,20.12253571,20.87827682,21.82686615,22.02437019,21.61199188,22.47283363,22.98005486
15.4575119,24.09481621,18.53429031,31.17462158,24.89343452,26.04916763,28.1630497,28.06884766,27.0696106,27.81650162,26.81712723,27.22532463,29.25920486,25.91099358,26.48694229,27.85671234,28.77355957,26.04038239,28.30190468,27.67066956
15.04901695,18.16844368,15.90450478,14.82967186,14.82656765,15.35639477,14.04195118,15.27749443,14.05857658,14.2961216,14.66057396,14.54560089,15.56732845,14.40275955,14.0948658,14.77276993,15.88371086,14.88141537,15.04499054,15.1028862
14.15425301,21.74523544,16.66162491,19.94942856,17.45344734,17.95935822,20.22213173,19.5449028,19.19280434,19.88489151,19.00149727,20.80293655,22.81040955,20.42749786,20.46075821,21.67618942,21.89899063,21.46038055,24.33654404,23.9977417
23.87799263,28.53950119,23.13576508,30.06936836,26.2147274,26.07126999,27.90245247,26.79019547,26.75950241,26.29017639,26.28455353,27.13967133,30.4904747,26.57714844,26.34027863,28.37223244,30.64477348,27.45908928,30.28284836,30.74588203
24.18649483,29.56681824,20.23661041,25.23051071,21.30315399,21.28804398,22.86594009,22.16918564,22.40776443,21.89588928,22.23532295,22.28597069,24.90810966,22.12150574,22.35301971,24.77503204,23.9493866,23.40714264,26.24063873,25.94711876
19.76069069,31.10087585,20.59188843,23.54257965,22.75120926,22.19374847,21.72084618,22.79366302,22.11506462,22.1295929,22.30597305,22.75863457,25.17780304,22.59969521,22.65840912,24.70161247,26.45734787,23.89342117,25.16805267,25.48550415
20.69060707,27.27184868,20.71970367,26.56153488,22.05651283,22.18328094,22.87211609,22.93881226,23.1315155,23.53371239,23.89549637,23.73804855,26.76056099,24.00051117,23.28131104,25.74200821,25.98173523,24.24674988,27.28910065,26.72112656
25.29465103,34.54600525,21.16653252,23.88138962,22.5840168,22.37198639,22.7513504,22.61154747,22.61206436,22.45160294,22.43487549,22.999897,23.72580719,23.19935036,23.24343109,24.03933716,23.99454117,24.16153717,24.80471039,24.79913712
23.38190079,35.3122406,23.49352264,28.59712982,25.25314522,25.78163528,26.09611702,26.21583939,27.06283188,26.41556358,26.68388557,26.99127197,29.74419022,27.78671455,27.03408432,28.62133026,29.44128418,28.04062271,29.41280746,29.68523026
23.92214203,35.48588181,22.28818703,24.44475365,23.94974899,24.05279922,23.83557129,24.96102142,26.00286865,25.74008179,26.22839737,26.62357903,27.39852524,26.29217148,26.7695961,27.47253609,28.00064087,27.18252945,27.57649803,28.68241119
23.83004951,33.31580353,21.46722221,30.85739517,25.72467232,24.60045242,26.4310112,25.11982536,25.9322052,25.58759689,25.79173279,26.2156086,26.71935081,25.94189453,26.34247589,28.68301773,26.66388702,26.72578621,29.21697235,28.62407684
18.67857361,22.66239548,18.78504562,27.27607536,20.05366516,22.08057594,23.37785721,23.60930634,23.30717087,23.21989059,24.11528397,23.67110825,25.53711128,22.55584717,24.32595444,24.8401413,27.29800797,25.19285965,27.06402588,26.73913193
16.80485344,20.83724213,17.29403687,19.95594788,18.1132164,18.20940399,19.23071671,20.45891953,18.2771225,18.7279911,18.0655899,18.9763031,20.05955124,18.42354584,18.55150414,18.22714615,21.30068588,18.62025261,18.75456619,18.7788887
18.73419189,27.45901871,21.63206863,29.66168022,26.37031937,29.2173996,30.00123405,31.11957932,31.86472702,29.79386902,28.52747345,29.98236084,30.50440216,29.48445511,29.51996994,29.10108566,29.88484764,29.22371292,28.06196213,28.34572601
17.56903648,26.14578247,21.82521439,23.93058777,19.9920311,21.39041519,25.49271774,26.41596985,25.45038414,26.48645592,28.22937012,27.7578373,31.79107666,27.29574013,28.26265526,27.95436859,30.83369064,28.92990875,27.3924675,27.367939
14.86410141,17.68452835,16.9981842,16.91607666,16.46377182,17.18119431,16.64653397,18.26895142,17.43941116,17.09969521,16.92289162,17.42145157,18.00017548,17.18420982,17.43691635,17.84494591,19.67958069,18.08320427,18.15951347,18.57660484
15.47939301,31.8425827,21.17453003,32.90265274,26.99261665,28.60541916,30.33729362,29.96899414,31.06116104,29.34483719,29.20209122,30.5018158,31.10668564,30.24590683,29.19093704,31.46418762,31.86896324,30.88024139,33.04705811,32.06748962
16.66971016,21.96481705,16.24470901,20.26688385,16.08641434,17.02957153,17.6158371,19.01425171,17.82684708,17.91170883,19.23672867,19.56612206,24.14678574,19.67448044,19.55402946,20.02017784,25.13571548,21.49998474,22.6429863,22.07411194
15.96919823,27.42478371,17.32274246,22.72055626,17.93506241,18.27796555,20.55936813,21.47841263,20.38924789,20.70318985,20.84777069,22.41233063,24.95093536,22.71154213,23.96533012,25.96620178,25.46570015,24.73589897,26.91674995,27.03572845
12.45014763,19.67058563,18.966856,25.89199829,22.4108429,24.2463913,24.9051857,26.02475357,25.07401466,26.03041077,25.14671326,25.76263428,26.86069107,25.45900726,26.12895584,26.30487442,27.31968307,26.18760681,26.82711029,27.72159767
12.55801773,18.15721893,15.35239983,17.70793724,15.65408325,16.07809067,16.97924423,17.48274994,16.21886826,16.33309937,16.30475807,16.03751945,18.2168045,16.30927277,16.03469086,16.27830315,16.99873734,16.14926338,17.11684227,16.99163628
14.13091087,22.05063629,15.63964272,16.22115517,15.14001179,15.11923885,13.89870262,15.37039566,14.40856647,14.12845135,13.65240288,14.03408718,14.00727749,13.9440937,13.82518196,13.04685688,13.32537937,13.73443127,13.43605518,13.57905865
15.32095146,24.9395237,19.647686,25.7547226,21.43766022,21.46931076,24.14506912,23.36252213,25.41201401,24.46852303,23.8423996,24.39788055,26.18002701,24.23657608,24.86642456,25.73702812,24.16035843,23.97261429,24.2755394,24.11608505
10.79812431,20.38360596,19.12779617,20.06071663,18.67139626,20.14887238,21.64804077,23.57815742,21.84649658,22.73882675,22.12284088,22.75601006,25.10605049,21.67323685,22.17786789,23.22416306,25.22493362,22.85434914,24.32370758,25.18329239
11.37516022,26.2271843,17.77874756,21.80443382,18.31961441,18.32265663,18.02769279,18.65242004,18.41617393,18.04586029,17.67317963,18.26226425,19.9631691,17.79347992,18.18487549,18.56318474,20.71500015,19.09919548,20.82766533,20.27934837
11.15660286,22.68536186,15.66971779,19.02191925,16.69223404,15.96726418,16.60355759,17.27028656,17.21289062,16.34926605,17.38913536,17.56814384,20.72047806,18.36327362,18.76378441,19.0239296,21.59824753,19.87356567,21.69405937,22.10251999
11.63861942,21.1056633,18.28969574,26.61166573,22.94557571,22.76189613,25.07394791,24.03405762,23.97678375,23.02668381,22.89991188,23.40930176,25.60324097,22.62513351,23.59525681,23.92152596,25.11019516,23.04508209,23.97798157,23.61833954
17.73208237,21.56265259,19.80229187,22.39262772,21.8807354,23.73601913,23.74989128,24.5392971,24.00961304,23.95468903,24.43015862,25.13105965,27.95220566,24.92361832,25.29914093,26.74245453,27.48129082,26.48258209,27.93850708,27.97986603
18.45843506,23.99106407,21.85128021,26.25931168,26.22890472,25.37128067,25.74682999,26.91000748,25.31459427,25.90729713,25.82414627,25.48986053,28.12158966,26.15333939,25.63652039,26.32866096,26.90847015,25.65041351,27.5390892,27.82558441
17.98211479,25.52799606,21.38332176,27.39370155,24.7822094,25.0310936,26.5723896,26.86431885,26.7327404,26.51726532,25.80086517,26.2324791,29.36414719,27.12369537,26.83518219,26.42894363,28.68328094,27.30488205,27.52274513,27.60429764
16.7236805,27.16368866,21.58980942,26.0392189,24.046978,23.38547325,24.38363457,24.7566452,24.04024315,24.23858833,23.64071655,24.26690865,27.58663177,25.46457291,24.75419807,25.49265671,27.81582642,25.89405441,27.44968605,27.28925705
16.84414291,17.97561073,18.47914124,19.15692139,18.54972839,18.63534927,18.66476059,19.62850571,18.79679489,19.32268524,19.57970428,20.04465103,21.51693344,20.1509819,20.2518692,20.75976562,21.68449783,20.26307297,21.45663834,21.68021393
17.24053192,20.86600876,19.59460449,26.46307755,23.08677673,22.89490891,26.01912689,26.13264847,26.40143394,26.03694916,26.19802094,26.33043861,29.67578888,27.27450371,26.30974197,28.28710556,29.26029587,27.74892044,29.97732544,30.25118256
18.19742012,22.22101212,21.8979454,24.19263268,22.93013573,22.47869873,22.5521965,23.24205399,21.73816109,21.97540665,22.14833832,22.22830582,24.01343918,22.52574921,22.49037743,22.92804718,23.67699051,21.48949432,23.68676376,23.40084457
16.78980827,23.05087662,19.51789284,23.46464539,22.23918724,22.24932098,23.50299454,23.72600937,23.10914421,23.03972626,22.20927811,22.96966171,24.88314819,23.40974617,23.1249752,23.72566605,25.00463867,23.74570847,24.67531204,25.14800072
18.4398098,22.12052155,21.83491135,28.49032784,26.37944794,28.17394257,28.39557457,27.73081207,26.84123611,27.8118515,27.79427338,27.96237183,28.79446411,26.96574783,27.83658409,27.48622513,28.37078857,27.37400818,27.00595474,26.97580719
16.83632851,17.46585655,17.34908295,19.35947037,18.85159111,18.56853104,17.09985542,18.50503731,15.75965118,15.82992363,15.50799751,15.56325531,18.03709602,15.46802711,15.33422375,15.86216354,18.225317,16.30591011,17.94427681,17.71281433
20.88488197,24.95864487,19.78883362,28.06355286,25.04481697,24.78221512,28.82562256,29.46526718,29.58458328,28.4793129,27.59947205,28.36836243,31.11857986,27.7797966,27.9119072,26.63993645,31,27.28588486,28.74329758,28.34017563
17.36276054,25.07525635,20.74410629,26.29021835,21.8923111,22.78432083,25.95397377,25.12302017,25.22335434,26.2799263,24.99043655,26.3730793,29.85236359,27.13155746,27.97973442,28.17263222,30.39155388,30.00022125,31.65497208,31.48977661
18.66191292,20.41424751,19.70093918,25.58739281,21.97357941,23.96726608,24.4488678,25.01918983,24.10108376,24.99741173,25.23724747,26.56342125,29.97614288,25.57317543,26.69412422,27.45118713,29.2718277,27.0079689,29.0609684,30.56516457
18.36296272,24.29081917,19.97465324,30.12302589,21.80468941,24.01930809,26.69937134,26.8408165,27.19384766,26.92853737,26.74924088,28.00245857,29.36044312,26.81837845,27.16263771,27.76464844,29.10832214,27.76134491,28.53619385,28.27135086
17.92749023,19.75790787,19.46549606,20.72340775,19.59679794,20.95054245,19.45685577,21.50927925,20.14354324,20.61357117,21.21503448,21.29832268,24.07127762,21.15192986,20.45199966,21.02282333,22.77030182,20.83089828,21.31818771,21.7932682
17.96762466,27.5564518,22.50993729,32.18688965,27.35439491,28.06796265,31.09800339,29.11372375,28.42925644,29.78307533,28.06658173,30.0408268,33.00718307,29.50587463,30.36727905,30.41965485,32.69220352,31.06032181,32.7246933,32.06501007
19.87181854,30.1557579,20.62620354,26.36037827,22.09803391,21.96363068,23.82379532,21.97252655,22.09985733,21.99760818,22.44805908,24.0168972,25.27926445,22.55114365,23.2089386,25.49192429,24.56117058,23.98482704,25.31363678,25.85834503
21.39508629,31.7347126,18.07509995,21.76819229,18.38591766,18.43190002,19.55534363,19.74555206,19.14465332,18.90241241,19.36408615,19.12828827,20.60512924,19.05562782,19.30076981,20.21718216,20.29258347,19.36820412,21.88651085,21.54240417
18.24421501,28.76333809,18.37010765,21.19288826,20.27842903,20.21509552,21.06396675,20.53957367,20.38928795,20.31430626,19.65231323,20.89106369,22.44899368,19.80418015,20.10315704,20.89726639,21.82363319,20.48981667,22.60304642,22.07770538
21.48781013,31.31327438,18.8458519,23.59874725,16.1761322,16.74574661,17.63547134,17.84157181,17.61499405,17.87456894,17.87106705,18.24763298,19.50718117,18.21965027,17.85698128,19.43296051,19.9878273,19.04671288,22.03841972,22.10791016
20.13495255,23.06198883,16.68531036,16.89813232,17.06480789,16.87873077,16.86218834,17.17749214,16.67886734,16.63324356,16.87016869,16.70519066,18.02858353,16.62317085,16.62291908,17.10391235,18.13294029,17.01339722,18.5669899,18.32987022
22.68376923,33.63400269,18.47013092,25.06723213,19.34730148,18.68643188,20.31122971,19.22782898,19.77663422,18.88954163,19.51979065,19.5330658,22.06831169,20.09520721,20.19364166,22.66277504,22.75839043,21.12283707,26.17553711,25.49518204
17.99080849,26.24286079,16.95418167,19.13764572,15.66851139,15.89035988,16.43622589,16.5986824,16.51847458,16.59229279,16.69429779,16.68053436,19.62989426,17.2203064,16.84581947,18.0104847,19.06002045,17.25089455,21.2438736,20.61410522
21.16561508,32.42588806,19.68585587,31.63352013,20.44023895,20.32181549,20.49207306,20.65936279,19.99702835,20.32542038,20.06729126,21.45550156,23.94525909,21.07769775,21.2214241,23.4996376,23.63046265,22.56287384,26.02200317,25.77649879
26.57062912,36.55438232,32.17724609,34.742733,32.3351059,31.93779373,32.04468536,31.89193344,30.90208435,31.43447495,30.80421829,31.47966576,32.74788284,30.99629593,30.54145432,32.19377899,33.2625885,31.41931534,33.74295807,34.75653839
27.03660011,39.31575012,33.02615356,31.24513817,32.13742828,31.7346344,31.39179802,32.23464966,31.54597473,31.83325195,31.87414932,31.72371101,33.63321686,31.30867386,31.39678192,31.55399704,33.85041046,31.34970474,32.29247284,33.26832199
25.4689827,40.36036682,35.73204422,35.5646286,35.4537735,33.96337891,33.46794128,32.86186981,32.71502686,32.71882629,32.74304581,33.57064056,33.86244583,31.98794556,32.135952,32.83595657,34.46835327,33.18647766,34.21469879,34.29334259
26.83341599,42.53620911,30.60092926,28.34781265,27.73524857,28.39473343,27.69955635,28.86832428,27.66987991,28.42824745,28.62595367,28.76055527,29.50523376,28.61829376,28.64292908,28.71827698,30.05504417,29.30040359,27.77660561,28.60246658
30.30231857,34.98277283,32.80275345,31.42211342,32.9634552,32.37782288,31.2434597,31.69799042,30.67566681,31.15623093,31.00262451,30.74676514,31.25156403,30.92303467,31.01451492,30.20922089,31.58710289,30.73429871,30.1123848,30.35491371
28.71553421,39.92007446,32.34244537,33.26535034,31.90723419,32.01832199,31.52715874,31.97618103,31.82365417,31.64989281,31.33541489,31.82978249,33.29738235,31.6538353,32.09897232,31.2494812,32.85897827,31.37852859,31.20993042,31.67257118
30.53126335,35.82119751,32.48192215,30.33837318,30.61670685,30.36874008,30.3848362,30.36886978,30.0569191,30.21710014,29.75321198,30.43220139,30.64940262,29.76325607,30.01002502,29.55133057,30.43783379,29.43134689,29.71220779,29.81562614
27.76787949,43.37451935,35.26897049,41.43293762,34.66795731,34.29659653,34.06774139,34.42313004,34.1129837,33.91539764,34.1344986,35.2093811,36.90216064,34.36988449,33.99282837,34.70100403,36.12654114,33.70660019,33.79929733,34.38316345
14.29508209,20.34625244,15.27891731,21.12690353,18.57230759,17.88761902,21.10504532,19.02830315,19.49321747,19.23913193,18.34852982,19.6679306,24.03749466,20.17018127,19.75305557,22.70141602,24.09723663,21.55248642,24.80167389,25.10007858
15.71013069,24.5469532,14.91003895,16.73751831,15.28395081,15.12276459,15.51715469,15.38736629,15.41971397,15.27131462,15.32473278,15.63426971,17.12389946,15.40973091,15.30883408,16.52971649,16.69781113,15.86529446,18.46134186,18.10530281
13.69091225,21.22550964,14.74127769,19.23024559,16.85770798,16.09220314,16.80606842,16.72270584,16.19444847,15.94521618,15.9741869,16.39947319,18.58004951,16.16364479,16.06503677,19.25312996,19.40937042,17.57446289,20.73570061,20.95656586
14.95406151,23.80190277,15.03962898,18.86379814,15.50875282,15.09967041,16.32693291,16.41206169,16.55687523,16.53241158,16.66281319,17.56590271,19.79847145,17.39934158,17.69346619,19.97601318,19.59863091,18.98156929,21.36433411,20.69096375
19.22434235,22.07802582,15.55274677,17.75746918,16.86966705,16.51042557,16.65011597,16.585989,16.67214203,16.58123779,16.55785751,16.69361687,17.21251678,16.68488693,16.87085342,17.11014175,17.1346035,16.9445591,17.58459663,17.05569839
18.03119469,23.65514946,15.55571175,20.60269165,17.90620804,17.46793747,18.90996933,18.4220295,19.32344437,18.25484848,18.8957634,19.4444561,21.41205025,19.06012154,19.02605247,20.20389366,20.34568977,19.27501106,20.19660759,20.09636497
17.76793289,23.32904053,16.16902924,20.51350403,22.47702026,20.85253525,23.76659012,22.33447266,23.51133919,22.35585403,21.98455429,22.53334045,25.68563843,22.6000042,22.57558632,23.07421494,24.99787331,22.64331818,22.49082565,23.68754196
16.67727852,24.74546623,15.938591,21.5999527,16.09129143,16.08299446,17.79571915,16.92982292,17.58839989,17.03676224,17.28055573,18.09867668,20.41257095,17.94923592,18.21367836,22.29946136,20.33162689,19.89418793,23.21798706,22.89118195
22.98345566,27.46469688,20.9652195,26.33442497,22.17690277,22.3443203,24.05794144,22.8452301,23.78463745,23.12408066,22.533638,24.00443649,27.09789085,23.90138817,23.89694405,26.42188072,27.33339691,25.48573685,28.93560028,28.92510414
22.01543808,29.63276863,19.98710632,23.95849609,20.60256958,20.73913956,21.6563015,21.37928009,21.29900742,21.02724838,20.68939781,21.19097328,23.07881165,21.39199829,21.33317375,23.29611969,23.0311718,22.34010696,24.28291702,23.97872543
19.6734314,27.97481728,18.59461784,22.56529236,20.71324158,20.25273323,20.23436356,20.74943733,20.17789841,20.01875877,19.9233284,20.45524216,22.12868881,20.20463562,20.18445969,21.89457703,22.78905487,21.21530151,23.46715927,23.38261414
19.93250084,26.89330482,18.99221802,24.2397747,20.11705971,20.30630493,21.38680267,21.1284771,21.11464691,21.20924759,21.19778824,21.82844925,23.93561554,22.38447571,22.12633896,23.73790932,23.52970886,23.02246094,24.39447403,24.69475174
24.70129967,31.82728767,20.86982346,22.71211052,21.74375916,21.19624329,20.64271164,20.72660828,20.62341309,20.65239143,20.62490082,21.07173538,21.68070602,21.15939522,21.0552845,21.31431961,21.46068954,21.36908531,22.32030487,22.60609436
23.92234802,31.83272362,20.10744095,24.24599838,20.62319183,21.17717361,21.28181458,21.5788269,22.48926735,22.26892471,21.88598633,22.71405411,23.31243515,22.93528557,23.06551552,23.90966797,23.67597961,22.97273254,23.73602676,23.54852104
23.70419693,32.81015015,19.86256218,25.47153473,23.64716911,22.97475815,23.46316147,23.30949783,24.55436707,24.11235237,24.27383423,24.99668121,26.09784508,25.79120636,25.80708694,26.75449753,26.01622009,26.35275269,26.15460587,26.43414116
23.39224625,30.33349037,19.15020752,28.08919334,20.03157806,19.83613014,20.83084297,20.14015388,20.87163925,20.29063034,20.67655945,21.60471344,21.60129929,21.37488174,21.76737976,24.4922905,21.86292648,22.84393501,24.65801239,24.33964157
